,Desvio padrão amostral (N de sal. mín.),Desvio padrão amostral * sqrt(N),Erro (%)
Desvio padrão de amostragem de tamanho 4,0.601876270045389,1.203752540090778,1.938479935488524
Desvio padrão de amostragem de tamanho 16,0.29431260410847065,1.1772504164338826,0.3058236989133989
Desvio padrão de amostragem de tamanho 64,0.14741721845909916,1.1793377476727933,0.12906031397352802
Desvio padrão de amostragem de tamanho 256,0.06930404384441413,1.108864701510626,6.096993890797442
Desvio padrão populacional,1.18086, -,0
