,Insatisfeito,Satisfeito
count,15.0,15.0
mean,2.3673333333333337,1.3793333333333335
std,0.9456476742474038,0.46330284243626635
min,1.12,1.01
25%,1.79,1.09
50%,2.19,1.24
75%,2.64,1.365
max,4.59,2.5
