,Insatisfeito,Satisfeito
count,15.0,15.0
mean,1.6940000000000002,1.2340000000000002
std,0.4241091503711885,0.2380516150513822
min,1.08,1.0
25%,1.455,1.025
50%,1.69,1.11
75%,1.795,1.44
max,2.94,1.61
